category,name,brand,stock_status,cost_tl,cost_usd,sale_usd,sale_tl,price_date,supplier
Panel,12W POLİKRİSTAL GÜNEŞ PANELİ,LEXRON,in_stock,612.99,12.99,15.85,747.85,2026-08-10,ACS
Panel,25W POLİKRİSTAL GÜNEŞ PANELİ,LEXRON,in_stock,995.67,21.09,25.73,1214.72,2026-08-10,ACS
Panel,350W POLYKRISTAL GÜNEŞ PANELİ,LEXRON,in_stock,4242.42,89.88,109.65,5175.75,2026-08-10,ACS
Panel,350W ECOSOL POLYKRISTAL GÜNEŞ PANELİ,LEXRON,in_stock,3578.64,75.82,92.5,4365.94,2026-08-10,ACS
Panel,55W MONOKRİSTAL GÜNEŞ PANELİ,LEXRON,in_stock,1904.76,40.36,49.24,2323.81,2026-08-10,ACS
Panel,285W 16BB HALF-CUT TOPCON MONO GÜNEŞ PANELİ -KARAVAN ÖZEL ÜRETİM,LEXRON,in_stock,5428.57,115.01,140.31,6622.86,2026-08-10,ACS
Panel,175W HALF-CUT TOPCON MONO GÜNEŞ PANELİ,LEXRON,in_stock,3434.34,72.76,88.77,4189.89,2026-08-10,ACS
Panel,140W ECOSOL HALF-CUT TOPCON MONO GÜNEŞ PANELİ,LEXRON,in_stock,2828.28,59.92,73.1,3450.5,2026-08-10,ACS
Panel,330W 64 CELL 16BB HALF-CUT TOPCON GÜNEŞ PANELİ,LEXRON,in_stock,5047.61,106.94,130.47,6158.08,2026-08-10,ACS
Panel,240W 48 CELL 16BB HALF-CUT TOPCON GÜNEŞ PANELİ,LEXRON,in_stock,4502.16,95.38,116.36,5492.64,2026-08-10,ACS
Panel,160W 32 CELL 16BB HALF-CUT TOPCON GÜNEŞ PANELİ,LEXRON,in_stock,3232.32,68.48,83.55,3943.43,2026-08-10,ACS
Panel,450W BIFACIAL 78 CELL 16BB HALF-CUT TOPCON GÜNEŞ PANELİ,LEXRON,in_stock,6233.76,132.07,161.13,7605.19,2026-08-10,ACS
Panel,750W BIFACIAL 132 CELL 16BB HALF-CUT TOPCON GÜNEŞ PANELİ,LEXRON,in_stock,8658.0,183.43,223.78,10562.76,2026-08-10,ACS
Panel,655W 132 CELL 16BB HALF-CUT TOPCON 16BB GÜNEŞ PANELİ,LEXRON,in_stock,8317.45,176.22,214.99,10147.29,2026-08-10,ACS
Panel,220W 16BB ETFE 210R ESNEK TOPCON GÜNEŞ PANELİ,LEXRON,in_stock,22857.12,484.26,590.8,27885.69,2026-08-10,ACS
Panel,195W 16BB ETFE ESNEK TOPCON GÜNEŞ PANELİ,LEXRON,in_stock,20259.72,429.23,523.66,24716.86,2026-08-10,ACS
Panel,390W 78 CELL 16BB HALF-CUT TOPCON GÜNEŞ PANELİ,LEXRON,out_of_stock,5772.0,122.29,149.19,7041.84,2026-08-10,ACS
Akü Batarya,100AH 12.8V LİTYUM BATARYA,LEXRON,in_stock,17027.4,360.75,440.12,20773.43,2026-08-10,ACS
Akü Batarya,100AH 25.6V LİTYUM BATARYA,LEXRON,in_stock,28571.4,605.33,738.5,34857.11,2026-08-10,ACS
Akü Batarya,100AH 48V LİTYUM BATARYA,LEXRON,in_stock,41847.0,886.59,1081.64,51053.34,2026-08-10,ACS
Akü Batarya,100AH 51.2V PREMİUM SERİSİ (DUVAR TİPİ) LİTYUM BATARYA,LEXRON,in_stock,53679.6,1137.28,1387.48,65489.11,2026-08-10,ACS
Akü Batarya,200AH 25.6V LİTYUM BATARYA,LEXRON,in_stock,49062.0,1039.45,1268.13,59855.64,2026-08-10,ACS
Akü Batarya,314AH 51.2V PREMİUM SERİSİ LİTYUM BATARYA,LEXRON,in_stock,150072.0,3179.49,3878.98,183087.84,2026-08-10,ACS
Akü Batarya,100AH 51.2V PREMİUM SERİSİ LİTYUM BATARYA,LEXRON,in_stock,49062.0,1039.45,1268.13,59855.64,2026-08-10,ACS
Akü Batarya,200AH 12.8V LİTYUM BATARYA,LEXRON,in_stock,28571.4,605.33,738.5,34857.11,2026-08-10,ACS
Akü Batarya,15AH-12V NANO-KARBON JEL AKÜ,LEXRON,in_stock,1443.0,30.57,37.3,1760.46,2026-08-10,ACS
Akü Batarya,43AH-12V NANO-KARBON JEL AKÜ,LEXRON,in_stock,3520.92,74.6,91.01,4295.52,2026-08-10,ACS
Akü Batarya,70AH-12V NANO-KARBON JEL AKÜ,LEXRON,in_stock,5165.94,109.45,133.53,6302.45,2026-08-10,ACS
Akü Batarya,7AH-12V AGM AKÜ,LEXRON,in_stock,461.76,9.78,11.93,563.35,2026-08-10,ACS
Akü Batarya,7.2AH-12V AGM AKÜ,LEXRON,in_stock,548.34,11.62,14.18,668.97,2026-08-10,ACS
Akü Batarya,12AH-12V AGM AKÜ,LEXRON,in_stock,836.94,17.73,21.63,1021.07,2026-08-10,ACS
Akü Batarya,105AH-12V NANO-KARBON JEL AKÜ,LEXRON,in_stock,7792.2,165.09,201.41,9506.48,2026-08-10,ACS
Akü Batarya,160AH-12V NANO-KARBON JEL AKÜ,LEXRON,in_stock,11832.6,250.69,305.84,14435.77,2026-08-10,ACS
Akü Batarya,210AH-12V NANO-KARBON JEL AKÜ,LEXRON,in_stock,15584.4,330.18,402.82,19012.97,2026-08-10,ACS
Akü Batarya,25AH-12V NANO-KARBON JEL AKÜ,LEXRON,out_of_stock,1702.74,36.07,44.01,2077.34,2026-08-10,ACS
Akü Batarya,9AH-12V AGM AKÜ,LEXRON,out_of_stock,721.5,15.29,18.65,880.23,2026-08-10,ACS
İnverter,2000W-24V MODİFİYE SİNÜS İNVERTER,LEXRON,in_stock,5079.36,107.61,131.28,6196.82,2026-08-10,ACS
İnverter,11KW HV 2XMPPT AKILLI INVERTER 48V,LEXRON,in_stock,33766.2,715.39,872.78,41194.76,2026-08-10,ACS
İnverter,8KW HV MPPT AKILLI İNVERTER 48V,LEXRON,in_stock,27705.6,586.98,716.12,33800.83,2026-08-10,ACS
İnverter,6.2KW HV MPPT AKILLI İNVERTER 48V,LEXRON,in_stock,16161.6,342.41,417.74,19717.15,2026-08-10,ACS
İnverter,3KW HV MPPT AKILLI İNVERTER 24V,LEXRON,in_stock,9235.2,195.66,238.71,11266.94,2026-08-10,ACS
Solar Pompa,GPRS KİT,LEXRON,in_stock,10389.6,220.12,268.55,12675.31,2026-08-10,ACS
Solar Pompa,DC SIGORTA 1000V 30A,LEXRON,in_stock,461.76,9.78,11.93,563.35,2026-08-10,ACS
Solar Pompa,5.5HP 4kW (3x220V) SOLAR POMPA INVERTERİ,LEXRON,in_stock,12698.4,269.03,328.22,15492.05,2026-08-10,ACS
Solar Pompa,210HP 160KW SOLAR POMPA INVERTERİ (YENİ NESİL),LEXRON,in_stock,227994.0,4830.38,5893.06,278152.68,2026-08-10,ACS
Solar Pompa,180HP 132KW SOLAR POMPA INVERTERİ (YENİ NESİL),LEXRON,in_stock,202020.0,4280.08,5221.7,246464.4,2026-08-10,ACS
Solar Pompa,120HP 90KW SOLAR POMPA INVERTERİ (YENİ NESİL),LEXRON,in_stock,124098.0,2629.19,3207.61,151399.56,2026-08-10,ACS
Solar Pompa,60HP 45KW SOLAR POMPA INVERTER (YENİ NESİL),LEXRON,in_stock,75036.0,1589.75,1939.49,91543.92,2026-08-10,ACS
Solar Pompa,DC SIGORTA 1000V 15A,LEXRON,in_stock,340.55,7.22,8.81,415.47,2026-08-10,ACS
Solar Pompa,3HP 2.2kW (3x220V) SOLAR POMPA INVERTERİ,LEXRON,in_stock,6637.8,140.63,171.57,8098.12,2026-08-10,ACS
Solar Pompa,3HP 2.2KW (380V) SOLAR POMPA INVERTERİ,LEXRON,in_stock,6926.4,146.75,179.03,8450.21,2026-08-10,ACS
Solar Pompa,5.5HP 4KW SOLAR POMPA INVERTER (YENİ NESİL),LEXRON,in_stock,9523.8,201.78,246.17,11619.04,2026-08-10,ACS
Solar Pompa,7.5HP 5.5KW SOLAR POMPA INVERTER (YENİ NESİL),LEXRON,in_stock,11428.56,242.13,295.4,13942.84,2026-08-10,ACS
Solar Pompa,10HP 7.5KW SOLAR POMPA INVERTER (YENİ NESİL),LEXRON,in_stock,13564.2,287.38,350.6,16548.32,2026-08-10,ACS
Solar Pompa,15HP 11KW SOLAR POMPA INVERTER (YENİ NESİL),LEXRON,in_stock,20202.0,428.01,522.17,24646.44,2026-08-10,ACS
Solar Pompa,20HP 15KW SOLAR POMPA INVERTER (YENİ NESİL),LEXRON,in_stock,22799.4,483.04,589.31,27815.27,2026-08-10,ACS
Solar Pompa,25HP 18.5KWSOLAR POMPA INVERTER (YENİ NESİL),LEXRON,in_stock,28571.4,605.33,738.5,34857.11,2026-08-10,ACS
Solar Pompa,30HP 22KW SOLAR POMPA INVERTER (YENİ NESİL),LEXRON,in_stock,37518.0,794.87,969.74,45771.96,2026-08-10,ACS
Solar Pompa,40HP 30KW SOLAR POMPA INVERTER (YENİ NESİL),LEXRON,in_stock,45887.4,972.19,1186.07,55982.63,2026-08-10,ACS
Solar Pompa,150HP 110KW SOLAR POMPA INVERTERİ (YENİ NESİL),LEXRON,out_of_stock,132756.0,2812.63,3431.41,161962.32,2026-08-10,ACS
Aydınlatma,500W SOLAR AYDINLATMA,LEXRON,in_stock,2020.2,42.8,52.22,2464.64,2026-08-10,ACS
Aydınlatma,2400W SOLAR AYDINLATMA,LEXRON,in_stock,4906.2,103.94,126.81,5985.56,2026-08-10,ACS
Aydınlatma,1200W SOLAR AYDINLATMA,LEXRON,in_stock,3174.6,67.26,82.06,3873.01,2026-08-10,ACS
Aydınlatma,400W SOLAR PROJEKTÖR,LEXRON,in_stock,1731.6,36.69,44.76,2112.55,2026-08-10,ACS
Aydınlatma,200W SOLAR PROJEKTÖR,LEXRON,in_stock,1443.0,30.57,37.3,1760.46,2026-08-10,ACS
Aydınlatma,700W SOLAR AYDINLATMA,LEXRON,in_stock,2308.8,48.92,59.68,2816.74,2026-08-10,ACS
Kablo Konnektör,MC4 KONNEKTÖR -1500V,LEXRON,in_stock,37.52,0.79,0.96,45.77,2026-08-10,ACS
Kablo Konnektör,2Lİ T BRANCH,LEXRON,in_stock,161.62,3.42,4.17,197.18,2026-08-10,ACS
Kablo Konnektör,3LÜ BRANCH,LEXRON,in_stock,230.88,4.89,5.97,281.67,2026-08-10,ACS
Kablo Konnektör,ORTA TUTUCU,LEXRON,in_stock,39.83,0.84,1.02,48.59,2026-08-10,ACS
Kablo Konnektör,SONLANDIRICI,LEXRON,in_stock,39.83,0.84,1.02,48.59,2026-08-10,ACS
Kablo Konnektör,6mm2 SOLAR KABLO,LEXRON,in_stock,80.81,1.71,2.09,98.59,2026-08-10,ACS
Kablo Konnektör,4mm2 SOLAR KABLO,LEXRON,in_stock,54.83,1.16,1.42,66.89,2026-08-10,ACS
Şarj Kontrol,20A PWM ŞARJ KONTROL CİHAZI,LEXRON,in_stock,519.48,11.01,13.43,633.77,2026-08-10,ACS
Şarj Kontrol,30A PWM ŞARJ KONTROL CİHAZI,LEXRON,in_stock,582.97,12.35,15.07,711.22,2026-08-10,ACS
Şarj Kontrol,40A PWM ŞARJ KONTROL CİHAZI,LEXRON,in_stock,750.36,15.9,19.4,915.44,2026-08-10,ACS
Şarj Kontrol,60A PWM ŞARJ KONTROL CİHAZI,LEXRON,in_stock,1558.44,33.02,40.28,1901.3,2026-08-10,ACS
Şarj Kontrol,20A MPPT ŞARJ KONTROL CİHAZI,LEXRON,in_stock,2251.08,47.69,58.18,2746.32,2026-08-10,ACS
Şarj Kontrol,30A MPPT ŞARJ KONTROL CİHAZI,LEXRON,in_stock,2481.96,52.58,64.15,3027.99,2026-08-10,ACS
Şarj Kontrol,40A MPPT ŞARJ KONTROL CİHAZI,LEXRON,in_stock,2712.84,57.48,70.13,3309.66,2026-08-10,ACS
Şarj Kontrol,80A HV(15~230V) MPPT ŞARJ KONTROL CİHAZI,LEXRON,in_stock,7215.0,152.86,186.49,8802.3,2026-08-10,ACS
Şarj Kontrol,10A PWM ŞARJ KONTROL CİHAZI,LEXRON,out_of_stock,297.26,6.3,7.69,362.66,2026-08-10,ACS
