tedarikci;urun_adi;url;fiyat;gorsel_dosyalari
mexxsun;tam-sinus-12v-300w;https://www.mexxsun.com/tr/urun/tam-sinus-12v-300w;47,10;public/images/products/mexxsun/tam-sinus-12v-300w.jpg|public/images/products/mexxsun/tam-sinus-12v-300w-2.jpg|public/images/products/mexxsun/tam-sinus-12v-300w-3.jpg|public/images/products/mexxsun/tam-sinus-12v-300w-4.jpg|public/images/products/mexxsun/tam-sinus-12v-300w-5.jpg|public/images/products/mexxsun/tam-sinus-12v-300w-6.jpg
mexxsun;tam-sinus-12v-600w;https://www.mexxsun.com/tr/urun/tam-sinus-12v-600w;47,10;public/images/products/mexxsun/tam-sinus-12v-600w.jpg|public/images/products/mexxsun/tam-sinus-12v-600w-2.jpg|public/images/products/mexxsun/tam-sinus-12v-600w-3.jpg|public/images/products/mexxsun/tam-sinus-12v-600w-4.jpg|public/images/products/mexxsun/tam-sinus-12v-600w-5.jpg|public/images/products/mexxsun/tam-sinus-12v-600w-6.jpg
mexxsun;tam-sinus-12v-1000w;https://www.mexxsun.com/tr/urun/tam-sinus-12v-1000w;47,10;public/images/products/mexxsun/tam-sinus-12v-1000w.jpg|public/images/products/mexxsun/tam-sinus-12v-1000w-2.jpg|public/images/products/mexxsun/tam-sinus-12v-1000w-3.jpg|public/images/products/mexxsun/tam-sinus-12v-1000w-4.jpg|public/images/products/mexxsun/tam-sinus-12v-1000w-5.jpg|public/images/products/mexxsun/tam-sinus-12v-1000w-6.jpg
mexxsun;tam-sinus-12v-1500w;https://www.mexxsun.com/tr/urun/tam-sinus-12v-1500w;47,10;public/images/products/mexxsun/tam-sinus-12v-1500w.jpg|public/images/products/mexxsun/tam-sinus-12v-1500w-2.jpg|public/images/products/mexxsun/tam-sinus-12v-1500w-3.jpg|public/images/products/mexxsun/tam-sinus-12v-1500w-4.jpg|public/images/products/mexxsun/tam-sinus-12v-1500w-5.jpg|public/images/products/mexxsun/tam-sinus-12v-1500w-6.jpg
mexxsun;tam-sinus-12v-2000w;https://www.mexxsun.com/tr/urun/tam-sinus-12v-2000w;47,10;public/images/products/mexxsun/tam-sinus-12v-2000w.jpg|public/images/products/mexxsun/tam-sinus-12v-2000w-2.jpg|public/images/products/mexxsun/tam-sinus-12v-2000w-3.jpg|public/images/products/mexxsun/tam-sinus-12v-2000w-4.jpg|public/images/products/mexxsun/tam-sinus-12v-2000w-5.jpg|public/images/products/mexxsun/tam-sinus-12v-2000w-6.jpg
mexxsun;tam-sinus-12v-3000w;https://www.mexxsun.com/tr/urun/tam-sinus-12v-3000w;47,10;public/images/products/mexxsun/tam-sinus-12v-3000w.jpg|public/images/products/mexxsun/tam-sinus-12v-3000w-2.jpg|public/images/products/mexxsun/tam-sinus-12v-3000w-3.jpg|public/images/products/mexxsun/tam-sinus-12v-3000w-4.jpg|public/images/products/mexxsun/tam-sinus-12v-3000w-5.jpg|public/images/products/mexxsun/tam-sinus-12v-3000w-6.jpg
mexxsun;tam-sinus-12v-4000w;https://www.mexxsun.com/tr/urun/tam-sinus-12v-4000w;47,10;public/images/products/mexxsun/tam-sinus-12v-4000w.jpg|public/images/products/mexxsun/tam-sinus-12v-4000w-2.jpg|public/images/products/mexxsun/tam-sinus-12v-4000w-3.jpg|public/images/products/mexxsun/tam-sinus-12v-4000w-4.jpg|public/images/products/mexxsun/tam-sinus-12v-4000w-5.jpg|public/images/products/mexxsun/tam-sinus-12v-4000w-6.jpg
mexxsun;tam-sinus-24v-1000w;https://www.mexxsun.com/tr/urun/tam-sinus-24v-1000w;47,10;public/images/products/mexxsun/tam-sinus-24v-1000w.jpg|public/images/products/mexxsun/tam-sinus-24v-1000w-2.jpg|public/images/products/mexxsun/tam-sinus-24v-1000w-3.jpg|public/images/products/mexxsun/tam-sinus-24v-1000w-4.jpg|public/images/products/mexxsun/tam-sinus-24v-1000w-5.jpg|public/images/products/mexxsun/tam-sinus-24v-1000w-6.jpg
mexxsun;tam-sinus-24v-1500w;https://www.mexxsun.com/tr/urun/tam-sinus-24v-1500w;47,10;public/images/products/mexxsun/tam-sinus-24v-1500w.jpg|public/images/products/mexxsun/tam-sinus-24v-1500w-2.jpg|public/images/products/mexxsun/tam-sinus-24v-1500w-3.jpg|public/images/products/mexxsun/tam-sinus-24v-1500w-4.jpg|public/images/products/mexxsun/tam-sinus-24v-1500w-5.jpg|public/images/products/mexxsun/tam-sinus-24v-1500w-6.jpg
mexxsun;tam-sinus-24v-2000w;https://www.mexxsun.com/tr/urun/tam-sinus-24v-2000w;47,10;public/images/products/mexxsun/tam-sinus-24v-2000w.jpg|public/images/products/mexxsun/tam-sinus-24v-2000w-2.jpg|public/images/products/mexxsun/tam-sinus-24v-2000w-3.jpg|public/images/products/mexxsun/tam-sinus-24v-2000w-4.jpg|public/images/products/mexxsun/tam-sinus-24v-2000w-5.jpg|public/images/products/mexxsun/tam-sinus-24v-2000w-6.jpg
mexxsun;tam-sinus-24v-3000wts;https://www.mexxsun.com/tr/urun/tam-sinus-24v-3000wts;47,10;public/images/products/mexxsun/tam-sinus-24v-3000wts.jpg|public/images/products/mexxsun/tam-sinus-24v-3000wts-2.jpg|public/images/products/mexxsun/tam-sinus-24v-3000wts-3.jpg|public/images/products/mexxsun/tam-sinus-24v-3000wts-4.jpg|public/images/products/mexxsun/tam-sinus-24v-3000wts-5.jpg|public/images/products/mexxsun/tam-sinus-24v-3000wts-6.jpg
mexxsun;tam-sinus-ups-remote-ekran-12v-600w;https://www.mexxsun.com/tr/urun/tam-sinus-ups-remote-ekran-12v-600w;47,10;public/images/products/mexxsun/tam-sinus-ups-remote-ekran-12v-600w.jpg|public/images/products/mexxsun/tam-sinus-ups-remote-ekran-12v-600w-2.jpg|public/images/products/mexxsun/tam-sinus-ups-remote-ekran-12v-600w-3.jpg|public/images/products/mexxsun/tam-sinus-ups-remote-ekran-12v-600w-4.jpg|public/images/products/mexxsun/tam-sinus-ups-remote-ekran-12v-600w-5.jpg|public/images/products/mexxsun/tam-sinus-ups-remote-ekran-12v-600w-6.jpg
mexxsun;tam-sinus-ups-remote-ekran-12v-1000w;https://www.mexxsun.com/tr/urun/tam-sinus-ups-remote-ekran-12v-1000w;47,10;public/images/products/mexxsun/tam-sinus-ups-remote-ekran-12v-1000w.jpg|public/images/products/mexxsun/tam-sinus-ups-remote-ekran-12v-1000w-2.jpg|public/images/products/mexxsun/tam-sinus-ups-remote-ekran-12v-1000w-3.jpg|public/images/products/mexxsun/tam-sinus-ups-remote-ekran-12v-1000w-4.jpg|public/images/products/mexxsun/tam-sinus-ups-remote-ekran-12v-1000w-5.jpg|public/images/products/mexxsun/tam-sinus-ups-remote-ekran-12v-1000w-6.jpg
mexxsun;tam-sinus-ups-remote-ekran-12v-2000w;https://www.mexxsun.com/tr/urun/tam-sinus-ups-remote-ekran-12v-2000w;47,10;public/images/products/mexxsun/tam-sinus-ups-remote-ekran-12v-2000w.jpg|public/images/products/mexxsun/tam-sinus-ups-remote-ekran-12v-2000w-2.jpg|public/images/products/mexxsun/tam-sinus-ups-remote-ekran-12v-2000w-3.jpg|public/images/products/mexxsun/tam-sinus-ups-remote-ekran-12v-2000w-4.jpg|public/images/products/mexxsun/tam-sinus-ups-remote-ekran-12v-2000w-5.jpg|public/images/products/mexxsun/tam-sinus-ups-remote-ekran-12v-2000w-6.jpg
mexxsun;tam-sinus-ups-remote-ekran-12v-3000w;https://www.mexxsun.com/tr/urun/tam-sinus-ups-remote-ekran-12v-3000w;47,10;public/images/products/mexxsun/tam-sinus-ups-remote-ekran-12v-3000w.jpg|public/images/products/mexxsun/tam-sinus-ups-remote-ekran-12v-3000w-2.jpg|public/images/products/mexxsun/tam-sinus-ups-remote-ekran-12v-3000w-3.jpg|public/images/products/mexxsun/tam-sinus-ups-remote-ekran-12v-3000w-4.jpg|public/images/products/mexxsun/tam-sinus-ups-remote-ekran-12v-3000w-5.jpg|public/images/products/mexxsun/tam-sinus-ups-remote-ekran-12v-3000w-6.jpg
mexxsun;mexx-p4kw-premium-24v-4kw;https://www.mexxsun.com/tr/urun/mexx-p4kw-premium-24v-4kw;47,10;public/images/products/mexxsun/mexx-p4kw-premium-24v-4kw.jpg|public/images/products/mexxsun/mexx-p4kw-premium-24v-4kw-2.jpg|public/images/products/mexxsun/mexx-p4kw-premium-24v-4kw-3.jpg|public/images/products/mexxsun/mexx-p4kw-premium-24v-4kw-4.jpg|public/images/products/mexxsun/mexx-p4kw-premium-24v-4kw-5.jpg|public/images/products/mexxsun/mexx-p4kw-premium-24v-4kw-6.jpg
mexxsun;mexx-p6kw-premium-48v-6kw;https://www.mexxsun.com/tr/urun/mexx-p6kw-premium-48v-6kw;47,10;public/images/products/mexxsun/mexx-p6kw-premium-48v-6kw.jpg|public/images/products/mexxsun/mexx-p6kw-premium-48v-6kw-2.jpg|public/images/products/mexxsun/mexx-p6kw-premium-48v-6kw-3.jpg|public/images/products/mexxsun/mexx-p6kw-premium-48v-6kw-4.jpg|public/images/products/mexxsun/mexx-p6kw-premium-48v-6kw-5.jpg|public/images/products/mexxsun/mexx-p6kw-premium-48v-6kw-6.jpg
mexxsun;mexx-p12kw-premium-48v-12kw-paralel-wi-fi-dual-output;https://www.mexxsun.com/tr/urun/mexx-p12kw-premium-48v-12kw-paralel-wi-fi-dual-output;47,10;public/images/products/mexxsun/mexx-p12kw-premium-48v-12kw-paralel-wi-fi-dual-output.jpg|public/images/products/mexxsun/mexx-p12kw-premium-48v-12kw-paralel-wi-fi-dual-output-2.jpg|public/images/products/mexxsun/mexx-p12kw-premium-48v-12kw-paralel-wi-fi-dual-output-3.jpg|public/images/products/mexxsun/mexx-p12kw-premium-48v-12kw-paralel-wi-fi-dual-output-4.jpg|public/images/products/mexxsun/mexx-p12kw-premium-48v-12kw-paralel-wi-fi-dual-output-5.jpg|public/images/products/mexxsun/mexx-p12kw-premium-48v-12kw-paralel-wi-fi-dual-output-6.jpg
mexxsun;deye-6kw-tam-sinus-akilli-off-grid-48v-ip651;https://www.mexxsun.com/tr/urun/deye-6kw-tam-sinus-akilli-off-grid-48v-ip651;47,10;public/images/products/mexxsun/deye-6kw-tam-sinus-akilli-off-grid-48v-ip651.jpg|public/images/products/mexxsun/deye-6kw-tam-sinus-akilli-off-grid-48v-ip651-2.jpg|public/images/products/mexxsun/deye-6kw-tam-sinus-akilli-off-grid-48v-ip651-3.jpg|public/images/products/mexxsun/deye-6kw-tam-sinus-akilli-off-grid-48v-ip651-4.jpg|public/images/products/mexxsun/deye-6kw-tam-sinus-akilli-off-grid-48v-ip651-5.jpg
mexxsun;sunon-e-tam-sinus-akilli-24v-2-4kw-450-500vdc;https://www.mexxsun.com/tr/urun/sunon-e-tam-sinus-akilli-24v-2-4kw-450-500vdc;47,10;public/images/products/mexxsun/sunon-e-tam-sinus-akilli-24v-2-4kw-450-500vdc.jpg|public/images/products/mexxsun/sunon-e-tam-sinus-akilli-24v-2-4kw-450-500vdc-2.jpg|public/images/products/mexxsun/sunon-e-tam-sinus-akilli-24v-2-4kw-450-500vdc-3.jpg|public/images/products/mexxsun/sunon-e-tam-sinus-akilli-24v-2-4kw-450-500vdc-4.jpg|public/images/products/mexxsun/sunon-e-tam-sinus-akilli-24v-2-4kw-450-500vdc-5.jpg|public/images/products/mexxsun/sunon-e-tam-sinus-akilli-24v-2-4kw-450-500vdc-6.jpg
mexxsun;sunon-eco-4-2kw-tam-sinus-akilli-24v-4200w-2003;https://www.mexxsun.com/tr/urun/sunon-eco-4-2kw-tam-sinus-akilli-24v-4200w-2003;47,10;public/images/products/mexxsun/sunon-eco-4-2kw-tam-sinus-akilli-24v-4200w-2003.jpg|public/images/products/mexxsun/sunon-eco-4-2kw-tam-sinus-akilli-24v-4200w-2003-2.jpg|public/images/products/mexxsun/sunon-eco-4-2kw-tam-sinus-akilli-24v-4200w-2003-3.jpg|public/images/products/mexxsun/sunon-eco-4-2kw-tam-sinus-akilli-24v-4200w-2003-4.jpg|public/images/products/mexxsun/sunon-eco-4-2kw-tam-sinus-akilli-24v-4200w-2003-5.jpg|public/images/products/mexxsun/sunon-eco-4-2kw-tam-sinus-akilli-24v-4200w-2003-6.jpg
mexxsun;sunon-iv-8kw-48v-450vdc;https://www.mexxsun.com/tr/urun/sunon-iv-8kw-48v-450vdc;47,10;public/images/products/mexxsun/sunon-iv-8kw-48v-450vdc.jpg|public/images/products/mexxsun/sunon-iv-8kw-48v-450vdc-2.jpg|public/images/products/mexxsun/sunon-iv-8kw-48v-450vdc-3.jpg|public/images/products/mexxsun/sunon-iv-8kw-48v-450vdc-4.jpg|public/images/products/mexxsun/sunon-iv-8kw-48v-450vdc-5.jpg|public/images/products/mexxsun/sunon-iv-8kw-48v-450vdc-6.jpg
mexxsun;modifiye-sinus-24v-1200w;https://www.mexxsun.com/tr/urun/modifiye-sinus-24v-1200w;47,10;public/images/products/mexxsun/modifiye-sinus-24v-1200w.jpg|public/images/products/mexxsun/modifiye-sinus-24v-1200w-2.jpg|public/images/products/mexxsun/modifiye-sinus-24v-1200w-3.jpg|public/images/products/mexxsun/modifiye-sinus-24v-1200w-4.jpg|public/images/products/mexxsun/modifiye-sinus-24v-1200w-5.jpg|public/images/products/mexxsun/modifiye-sinus-24v-1200w-6.jpg
mexxsun;modifiye-sinus-12v-2000w;https://www.mexxsun.com/tr/urun/modifiye-sinus-12v-2000w;47,10;public/images/products/mexxsun/modifiye-sinus-12v-2000w.jpg|public/images/products/mexxsun/modifiye-sinus-12v-2000w-2.jpg|public/images/products/mexxsun/modifiye-sinus-12v-2000w-3.jpg|public/images/products/mexxsun/modifiye-sinus-12v-2000w-4.jpg|public/images/products/mexxsun/modifiye-sinus-12v-2000w-5.jpg|public/images/products/mexxsun/modifiye-sinus-12v-2000w-6.jpg
mexxsun;deye-optimizer-sun-xl02-b;https://www.mexxsun.com/tr/urun/deye-optimizer-sun-xl02-b;47,10;public/images/products/mexxsun/deye-optimizer-sun-xl02-b.jpg
mexxsun;deye-optimizer-concentrator-sun-xl20-b;https://www.mexxsun.com/tr/urun/deye-optimizer-concentrator-sun-xl20-b;47,10;public/images/products/mexxsun/deye-optimizer-concentrator-sun-xl20-b.jpg
mexxsun;auxsol-3-6kw-monofaze;https://www.mexxsun.com/tr/urun/auxsol-3-6kw-monofaze;47,10;public/images/products/mexxsun/auxsol-3-6kw-monofaze.jpg|public/images/products/mexxsun/auxsol-3-6kw-monofaze-2.jpg|public/images/products/mexxsun/auxsol-3-6kw-monofaze-3.jpg|public/images/products/mexxsun/auxsol-3-6kw-monofaze-4.jpg|public/images/products/mexxsun/auxsol-3-6kw-monofaze-5.jpg|public/images/products/mexxsun/auxsol-3-6kw-monofaze-6.jpg
mexxsun;deye-3kw-monofaze;https://www.mexxsun.com/tr/urun/deye-3kw-monofaze;47,10;public/images/products/mexxsun/deye-3kw-monofaze.jpg|public/images/products/mexxsun/deye-3kw-monofaze-2.jpg|public/images/products/mexxsun/deye-3kw-monofaze-3.jpg|public/images/products/mexxsun/deye-3kw-monofaze-4.jpg
mexxsun;deye-5kw-monofaze05;https://www.mexxsun.com/tr/urun/deye-5kw-monofaze05;47,10;public/images/products/mexxsun/deye-5kw-monofaze05.jpg|public/images/products/mexxsun/deye-5kw-monofaze05-2.jpg|public/images/products/mexxsun/deye-5kw-monofaze05-3.jpg|public/images/products/mexxsun/deye-5kw-monofaze05-4.jpg|public/images/products/mexxsun/deye-5kw-monofaze05-5.jpg
mexxsun;deye-10kw-monofaze-910;https://www.mexxsun.com/tr/urun/deye-10kw-monofaze-910;47,10;public/images/products/mexxsun/deye-10kw-monofaze-910.jpg|public/images/products/mexxsun/deye-10kw-monofaze-910-2.jpg|public/images/products/mexxsun/deye-10kw-monofaze-910-3.jpg|public/images/products/mexxsun/deye-10kw-monofaze-910-4.jpg|public/images/products/mexxsun/deye-10kw-monofaze-910-5.jpg
mexxsun;auxsol-8kw-monofaze;https://www.mexxsun.com/tr/urun/auxsol-8kw-monofaze;47,10;public/images/products/mexxsun/auxsol-8kw-monofaze.jpg|public/images/products/mexxsun/auxsol-8kw-monofaze-2.jpg|public/images/products/mexxsun/auxsol-8kw-monofaze-3.jpg|public/images/products/mexxsun/auxsol-8kw-monofaze-4.jpg|public/images/products/mexxsun/auxsol-8kw-monofaze-5.jpg|public/images/products/mexxsun/auxsol-8kw-monofaze-6.jpg
mexxsun;deye-5kw-trifaze-sun-5k-g06p3-eu-bm2-p1;https://www.mexxsun.com/tr/urun/deye-5kw-trifaze-sun-5k-g06p3-eu-bm2-p1;47,10;public/images/products/mexxsun/deye-5kw-trifaze-sun-5k-g06p3-eu-bm2-p1.jpg|public/images/products/mexxsun/deye-5kw-trifaze-sun-5k-g06p3-eu-bm2-p1-2.jpg|public/images/products/mexxsun/deye-5kw-trifaze-sun-5k-g06p3-eu-bm2-p1-3.jpg|public/images/products/mexxsun/deye-5kw-trifaze-sun-5k-g06p3-eu-bm2-p1-4.jpg|public/images/products/mexxsun/deye-5kw-trifaze-sun-5k-g06p3-eu-bm2-p1-5.jpg|public/images/products/mexxsun/deye-5kw-trifaze-sun-5k-g06p3-eu-bm2-p1-6.jpg
mexxsun;deye-10kw-trifaze-3167;https://www.mexxsun.com/tr/urun/deye-10kw-trifaze-3167;47,10;public/images/products/mexxsun/deye-10kw-trifaze-3167.jpg|public/images/products/mexxsun/deye-10kw-trifaze-3167-2.jpg|public/images/products/mexxsun/deye-10kw-trifaze-3167-3.jpg|public/images/products/mexxsun/deye-10kw-trifaze-3167-4.jpg|public/images/products/mexxsun/deye-10kw-trifaze-3167-5.jpg|public/images/products/mexxsun/deye-10kw-trifaze-3167-6.jpg
mexxsun;auxsol-25kw-trifaz;https://www.mexxsun.com/tr/urun/auxsol-25kw-trifaz;47,10;public/images/products/mexxsun/auxsol-25kw-trifaz.jpg|public/images/products/mexxsun/auxsol-25kw-trifaz-2.jpg|public/images/products/mexxsun/auxsol-25kw-trifaz-3.jpg|public/images/products/mexxsun/auxsol-25kw-trifaz-4.jpg|public/images/products/mexxsun/auxsol-25kw-trifaz-5.jpg|public/images/products/mexxsun/auxsol-25kw-trifaz-6.jpg
mexxsun;deye-15kw-trifaze-sun-15k-g06p3-eu-bm2-p1;https://www.mexxsun.com/tr/urun/deye-15kw-trifaze-sun-15k-g06p3-eu-bm2-p1;47,10;public/images/products/mexxsun/deye-15kw-trifaze-sun-15k-g06p3-eu-bm2-p1.jpg|public/images/products/mexxsun/deye-15kw-trifaze-sun-15k-g06p3-eu-bm2-p1-2.jpg|public/images/products/mexxsun/deye-15kw-trifaze-sun-15k-g06p3-eu-bm2-p1-3.jpg|public/images/products/mexxsun/deye-15kw-trifaze-sun-15k-g06p3-eu-bm2-p1-4.jpg|public/images/products/mexxsun/deye-15kw-trifaze-sun-15k-g06p3-eu-bm2-p1-5.jpg|public/images/products/mexxsun/deye-15kw-trifaze-sun-15k-g06p3-eu-bm2-p1-6.jpg
mexxsun;deye-20kw-trifaze;https://www.mexxsun.com/tr/urun/deye-20kw-trifaze;47,10;public/images/products/mexxsun/deye-20kw-trifaze.jpg|public/images/products/mexxsun/deye-20kw-trifaze-2.jpg|public/images/products/mexxsun/deye-20kw-trifaze-3.jpg|public/images/products/mexxsun/deye-20kw-trifaze-4.jpg|public/images/products/mexxsun/deye-20kw-trifaze-5.jpg|public/images/products/mexxsun/deye-20kw-trifaze-6.jpg
mexxsun;deye-25kw-trifaze;https://www.mexxsun.com/tr/urun/deye-25kw-trifaze;47,10;public/images/products/mexxsun/deye-25kw-trifaze.jpg|public/images/products/mexxsun/deye-25kw-trifaze-2.jpg|public/images/products/mexxsun/deye-25kw-trifaze-3.jpg|public/images/products/mexxsun/deye-25kw-trifaze-4.jpg
mexxsun;deye-33kw-trifaze11;https://www.mexxsun.com/tr/urun/deye-33kw-trifaze11;47,10;public/images/products/mexxsun/deye-33kw-trifaze11.jpg|public/images/products/mexxsun/deye-33kw-trifaze11-2.jpg|public/images/products/mexxsun/deye-33kw-trifaze11-3.jpg|public/images/products/mexxsun/deye-33kw-trifaze11-4.jpg
mexxsun;deye-50kw-trifazeg04;https://www.mexxsun.com/tr/urun/deye-50kw-trifazeg04;47,10;public/images/products/mexxsun/deye-50kw-trifazeg04.jpg|public/images/products/mexxsun/deye-50kw-trifazeg04-2.jpg|public/images/products/mexxsun/deye-50kw-trifazeg04-3.jpg|public/images/products/mexxsun/deye-50kw-trifazeg04-4.jpg
mexxsun;deye-100kw-trifaze-sun-100k-g;https://www.mexxsun.com/tr/urun/deye-100kw-trifaze-sun-100k-g;47,10;public/images/products/mexxsun/deye-100kw-trifaze-sun-100k-g.jpg|public/images/products/mexxsun/deye-100kw-trifaze-sun-100k-g-2.jpg|public/images/products/mexxsun/deye-100kw-trifaze-sun-100k-g-3.jpg|public/images/products/mexxsun/deye-100kw-trifaze-sun-100k-g-4.jpg|public/images/products/mexxsun/deye-100kw-trifaze-sun-100k-g-5.jpg|public/images/products/mexxsun/deye-100kw-trifaze-sun-100k-g-6.jpg
mexxsun;mexxsun-12-kw-hibrit-monofaze-lv-48v;https://www.mexxsun.com/tr/urun/mexxsun-12-kw-hibrit-monofaze-lv-48v;47,10;public/images/products/mexxsun/mexxsun-12-kw-hibrit-monofaze-lv-48v.jpg|public/images/products/mexxsun/mexxsun-12-kw-hibrit-monofaze-lv-48v-2.jpg|public/images/products/mexxsun/mexxsun-12-kw-hibrit-monofaze-lv-48v-3.jpg|public/images/products/mexxsun/mexxsun-12-kw-hibrit-monofaze-lv-48v-4.jpg|public/images/products/mexxsun/mexxsun-12-kw-hibrit-monofaze-lv-48v-5.jpg
mexxsun;mexxsun-15-kw-hibrit-trifaze-lv-48v;https://www.mexxsun.com/tr/urun/mexxsun-15-kw-hibrit-trifaze-lv-48v;47,10;public/images/products/mexxsun/mexxsun-15-kw-hibrit-trifaze-lv-48v.jpg|public/images/products/mexxsun/mexxsun-15-kw-hibrit-trifaze-lv-48v-2.jpg|public/images/products/mexxsun/mexxsun-15-kw-hibrit-trifaze-lv-48v-3.jpg|public/images/products/mexxsun/mexxsun-15-kw-hibrit-trifaze-lv-48v-4.jpg|public/images/products/mexxsun/mexxsun-15-kw-hibrit-trifaze-lv-48v-5.jpg
mexxsun;deye-5-kw-hibrit-monofaze-lv-48v;https://www.mexxsun.com/tr/urun/deye-5-kw-hibrit-monofaze-lv-48v;47,10;public/images/products/mexxsun/deye-5-kw-hibrit-monofaze-lv-48v.jpg|public/images/products/mexxsun/deye-5-kw-hibrit-monofaze-lv-48v-2.jpg|public/images/products/mexxsun/deye-5-kw-hibrit-monofaze-lv-48v-3.jpg|public/images/products/mexxsun/deye-5-kw-hibrit-monofaze-lv-48v-4.jpg
mexxsun;deye-8-kw-hibrit-monofaze-lv-48v-p;https://www.mexxsun.com/tr/urun/deye-8-kw-hibrit-monofaze-lv-48v-p;47,10;public/images/products/mexxsun/deye-8-kw-hibrit-monofaze-lv-48v-p.jpg|public/images/products/mexxsun/deye-8-kw-hibrit-monofaze-lv-48v-p-2.jpg|public/images/products/mexxsun/deye-8-kw-hibrit-monofaze-lv-48v-p-3.jpg|public/images/products/mexxsun/deye-8-kw-hibrit-monofaze-lv-48v-p-4.jpg
mexxsun;deye-12-kw-hibrit-monofaz-lv-48v-p;https://www.mexxsun.com/tr/urun/deye-12-kw-hibrit-monofaz-lv-48v-p;47,10;public/images/products/mexxsun/deye-12-kw-hibrit-monofaz-lv-48v-p.jpg|public/images/products/mexxsun/deye-12-kw-hibrit-monofaz-lv-48v-p-2.jpg|public/images/products/mexxsun/deye-12-kw-hibrit-monofaz-lv-48v-p-3.jpg|public/images/products/mexxsun/deye-12-kw-hibrit-monofaz-lv-48v-p-4.jpg|public/images/products/mexxsun/deye-12-kw-hibrit-monofaz-lv-48v-p-5.jpg
mexxsun;deye-16-kw-hibrit-monofaz-lv-48v_;https://www.mexxsun.com/tr/urun/deye-16-kw-hibrit-monofaz-lv-48v_;47,10;public/images/products/mexxsun/deye-16-kw-hibrit-monofaz-lv-48v.jpg|public/images/products/mexxsun/deye-16-kw-hibrit-monofaz-lv-48v-2.jpg|public/images/products/mexxsun/deye-16-kw-hibrit-monofaz-lv-48v-3.jpg|public/images/products/mexxsun/deye-16-kw-hibrit-monofaz-lv-48v-4.jpg|public/images/products/mexxsun/deye-16-kw-hibrit-monofaz-lv-48v-5.jpg
mexxsun;deye-12-kw-hibrit-trifaze-lv-48v-05;https://www.mexxsun.com/tr/urun/deye-12-kw-hibrit-trifaze-lv-48v-05;47,10;public/images/products/mexxsun/deye-12-kw-hibrit-trifaze-lv-48v-05.jpg|public/images/products/mexxsun/deye-12-kw-hibrit-trifaze-lv-48v-05-2.jpg|public/images/products/mexxsun/deye-12-kw-hibrit-trifaze-lv-48v-05-3.jpg|public/images/products/mexxsun/deye-12-kw-hibrit-trifaze-lv-48v-05-4.jpg|public/images/products/mexxsun/deye-12-kw-hibrit-trifaze-lv-48v-05-5.jpg
mexxsun;deye-15-kw-hibrit-trifaze-lv-48v;https://www.mexxsun.com/tr/urun/deye-15-kw-hibrit-trifaze-lv-48v;47,10;public/images/products/mexxsun/deye-15-kw-hibrit-trifaze-lv-48v.jpg|public/images/products/mexxsun/deye-15-kw-hibrit-trifaze-lv-48v-2.jpg|public/images/products/mexxsun/deye-15-kw-hibrit-trifaze-lv-48v-3.jpg|public/images/products/mexxsun/deye-15-kw-hibrit-trifaze-lv-48v-4.jpg|public/images/products/mexxsun/deye-15-kw-hibrit-trifaze-lv-48v-5.jpg|public/images/products/mexxsun/deye-15-kw-hibrit-trifaze-lv-48v-6.jpg
mexxsun;deye-20-kw-hibrit-trifaze-lv-48v;https://www.mexxsun.com/tr/urun/deye-20-kw-hibrit-trifaze-lv-48v;47,10;public/images/products/mexxsun/deye-20-kw-hibrit-trifaze-lv-48v.jpg|public/images/products/mexxsun/deye-20-kw-hibrit-trifaze-lv-48v-2.jpg|public/images/products/mexxsun/deye-20-kw-hibrit-trifaze-lv-48v-3.jpg|public/images/products/mexxsun/deye-20-kw-hibrit-trifaze-lv-48v-4.jpg|public/images/products/mexxsun/deye-20-kw-hibrit-trifaze-lv-48v-5.jpg|public/images/products/mexxsun/deye-20-kw-hibrit-trifaze-lv-48v-6.jpg
mexxsun;deye-30kw-hibrit-trifaze-hv3;https://www.mexxsun.com/tr/urun/deye-30kw-hibrit-trifaze-hv3;47,10;public/images/products/mexxsun/deye-30kw-hibrit-trifaze-hv3.jpg|public/images/products/mexxsun/deye-30kw-hibrit-trifaze-hv3-2.jpg|public/images/products/mexxsun/deye-30kw-hibrit-trifaze-hv3-3.jpg|public/images/products/mexxsun/deye-30kw-hibrit-trifaze-hv3-4.jpg|public/images/products/mexxsun/deye-30kw-hibrit-trifaze-hv3-5.jpg
mexxsun;deye-50kw-hibrit-trifaze;https://www.mexxsun.com/tr/urun/deye-50kw-hibrit-trifaze;47,10;public/images/products/mexxsun/deye-50kw-hibrit-trifaze.jpg|public/images/products/mexxsun/deye-50kw-hibrit-trifaze-2.jpg|public/images/products/mexxsun/deye-50kw-hibrit-trifaze-3.jpg|public/images/products/mexxsun/deye-50kw-hibrit-trifaze-4.jpg|public/images/products/mexxsun/deye-50kw-hibrit-trifaze-5.jpg|public/images/products/mexxsun/deye-50kw-hibrit-trifaze-6.jpg
mexxsun;deye-80kw-hibrit-trifaze-hv;https://www.mexxsun.com/tr/urun/deye-80kw-hibrit-trifaze-hv;47,10;public/images/products/mexxsun/deye-80kw-hibrit-trifaze-hv.jpg|public/images/products/mexxsun/deye-80kw-hibrit-trifaze-hv-2.jpg|public/images/products/mexxsun/deye-80kw-hibrit-trifaze-hv-3.jpg|public/images/products/mexxsun/deye-80kw-hibrit-trifaze-hv-4.jpg|public/images/products/mexxsun/deye-80kw-hibrit-trifaze-hv-5.jpg|public/images/products/mexxsun/deye-80kw-hibrit-trifaze-hv-6.jpg
mexxsun;pwm-12-24v-at10-604;https://www.mexxsun.com/tr/urun/pwm-12-24v-at10-604;47,10;public/images/products/mexxsun/pwm-12-24v-at10-604.jpg|public/images/products/mexxsun/pwm-12-24v-at10-604-2.jpg|public/images/products/mexxsun/pwm-12-24v-at10-604-3.jpg|public/images/products/mexxsun/pwm-12-24v-at10-604-4.jpg
mexxsun;pwm-12-24v-cm3;https://www.mexxsun.com/tr/urun/pwm-12-24v-cm3;47,10;public/images/products/mexxsun/pwm-12-24v-cm3.jpg|public/images/products/mexxsun/pwm-12-24v-cm3-2.jpg|public/images/products/mexxsun/pwm-12-24v-cm3-3.jpg|public/images/products/mexxsun/pwm-12-24v-cm3-4.jpg|public/images/products/mexxsun/pwm-12-24v-cm3-5.jpg|public/images/products/mexxsun/pwm-12-24v-cm3-6.jpg
mexxsun;mpk8-60a-mppt-12-24-48v;https://www.mexxsun.com/tr/urun/mpk8-60a-mppt-12-24-48v;47,10;public/images/products/mexxsun/mpk8-60a-mppt-12-24-48v.jpg|public/images/products/mexxsun/mpk8-60a-mppt-12-24-48v-2.jpg|public/images/products/mexxsun/mpk8-60a-mppt-12-24-48v-3.jpg|public/images/products/mexxsun/mpk8-60a-mppt-12-24-48v-4.jpg|public/images/products/mexxsun/mpk8-60a-mppt-12-24-48v-5.jpg|public/images/products/mexxsun/mpk8-60a-mppt-12-24-48v-6.jpg
mexxsun;mpk8-80a-mppt-12-24-48v;https://www.mexxsun.com/tr/urun/mpk8-80a-mppt-12-24-48v;47,10;public/images/products/mexxsun/mpk8-80a-mppt-12-24-48v.jpg|public/images/products/mexxsun/mpk8-80a-mppt-12-24-48v-2.jpg|public/images/products/mexxsun/mpk8-80a-mppt-12-24-48v-3.jpg|public/images/products/mexxsun/mpk8-80a-mppt-12-24-48v-4.jpg|public/images/products/mexxsun/mpk8-80a-mppt-12-24-48v-5.jpg|public/images/products/mexxsun/mpk8-80a-mppt-12-24-48v-6.jpg
mexxsun;mpk8-100a-mppt-12-24-48v-3110;https://www.mexxsun.com/tr/urun/mpk8-100a-mppt-12-24-48v-3110;47,10;public/images/products/mexxsun/mpk8-100a-mppt-12-24-48v-3110.jpg|public/images/products/mexxsun/mpk8-100a-mppt-12-24-48v-3110-2.jpg|public/images/products/mexxsun/mpk8-100a-mppt-12-24-48v-3110-3.jpg|public/images/products/mexxsun/mpk8-100a-mppt-12-24-48v-3110-4.jpg|public/images/products/mexxsun/mpk8-100a-mppt-12-24-48v-3110-5.jpg|public/images/products/mexxsun/mpk8-100a-mppt-12-24-48v-3110-6.jpg
mexxsun;mpj30-12-24v;https://www.mexxsun.com/tr/urun/mpj30-12-24v;47,10;public/images/products/mexxsun/mpj30-12-24v.jpg|public/images/products/mexxsun/mpj30-12-24v-2.jpg|public/images/products/mexxsun/mpj30-12-24v-3.jpg|public/images/products/mexxsun/mpj30-12-24v-4.jpg|public/images/products/mexxsun/mpj30-12-24v-5.jpg
mexxsun;ac-dc-aku-sarj-cihazi-12v-20a;https://www.mexxsun.com/tr/urun/ac-dc-aku-sarj-cihazi-12v-20a;47,10;public/images/products/mexxsun/ac-dc-aku-sarj-cihazi-12v-20a.jpg|public/images/products/mexxsun/ac-dc-aku-sarj-cihazi-12v-20a-2.jpg|public/images/products/mexxsun/ac-dc-aku-sarj-cihazi-12v-20a-3.jpg|public/images/products/mexxsun/ac-dc-aku-sarj-cihazi-12v-20a-4.jpg|public/images/products/mexxsun/ac-dc-aku-sarj-cihazi-12v-20a-5.jpg|public/images/products/mexxsun/ac-dc-aku-sarj-cihazi-12v-20a-6.jpg
mexxsun;ac-dc-aku-sarj-cihazi-12v-40a;https://www.mexxsun.com/tr/urun/ac-dc-aku-sarj-cihazi-12v-40a;47,10;public/images/products/mexxsun/ac-dc-aku-sarj-cihazi-12v-40a.jpg|public/images/products/mexxsun/ac-dc-aku-sarj-cihazi-12v-40a-2.jpg|public/images/products/mexxsun/ac-dc-aku-sarj-cihazi-12v-40a-3.jpg|public/images/products/mexxsun/ac-dc-aku-sarj-cihazi-12v-40a-4.jpg|public/images/products/mexxsun/ac-dc-aku-sarj-cihazi-12v-40a-5.jpg|public/images/products/mexxsun/ac-dc-aku-sarj-cihazi-12v-40a-6.jpg
mexxsun;ac-dc-aku-sarj-cihazi-24v-20a;https://www.mexxsun.com/tr/urun/ac-dc-aku-sarj-cihazi-24v-20a;47,10;public/images/products/mexxsun/ac-dc-aku-sarj-cihazi-24v-20a.jpg|public/images/products/mexxsun/ac-dc-aku-sarj-cihazi-24v-20a-2.jpg|public/images/products/mexxsun/ac-dc-aku-sarj-cihazi-24v-20a-3.jpg|public/images/products/mexxsun/ac-dc-aku-sarj-cihazi-24v-20a-4.jpg|public/images/products/mexxsun/ac-dc-aku-sarj-cihazi-24v-20a-5.jpg|public/images/products/mexxsun/ac-dc-aku-sarj-cihazi-24v-20a-6.jpg
mexxsun;ac-dc-aku-sarj-cihazi-48v-20a;https://www.mexxsun.com/tr/urun/ac-dc-aku-sarj-cihazi-48v-20a;47,10;public/images/products/mexxsun/ac-dc-aku-sarj-cihazi-48v-20a.jpg|public/images/products/mexxsun/ac-dc-aku-sarj-cihazi-48v-20a-2.jpg|public/images/products/mexxsun/ac-dc-aku-sarj-cihazi-48v-20a-3.jpg|public/images/products/mexxsun/ac-dc-aku-sarj-cihazi-48v-20a-4.jpg|public/images/products/mexxsun/ac-dc-aku-sarj-cihazi-48v-20a-5.jpg|public/images/products/mexxsun/ac-dc-aku-sarj-cihazi-48v-20a-6.jpg
mexxsun;mexxsun-lityum-aku-12-8v-100ah-lifepo4-1280wh-3120;https://www.mexxsun.com/tr/urun/mexxsun-lityum-aku-12-8v-100ah-lifepo4-1280wh-3120;47,10;public/images/products/mexxsun/mexxsun-lityum-aku-12-8v-100ah-lifepo4-1280wh-3120.jpg|public/images/products/mexxsun/mexxsun-lityum-aku-12-8v-100ah-lifepo4-1280wh-3120-2.jpg|public/images/products/mexxsun/mexxsun-lityum-aku-12-8v-100ah-lifepo4-1280wh-3120-3.jpg|public/images/products/mexxsun/mexxsun-lityum-aku-12-8v-100ah-lifepo4-1280wh-3120-4.jpg|public/images/products/mexxsun/mexxsun-lityum-aku-12-8v-100ah-lifepo4-1280wh-3120-5.jpg
mexxsun;mexxsun-lityum-aku-25-6v-200ah-lifepo4-5120wh;https://www.mexxsun.com/tr/urun/mexxsun-lityum-aku-25-6v-200ah-lifepo4-5120wh;47,10;public/images/products/mexxsun/mexxsun-lityum-aku-25-6v-200ah-lifepo4-5120wh.jpg|public/images/products/mexxsun/mexxsun-lityum-aku-25-6v-200ah-lifepo4-5120wh-2.jpg|public/images/products/mexxsun/mexxsun-lityum-aku-25-6v-200ah-lifepo4-5120wh-3.jpg|public/images/products/mexxsun/mexxsun-lityum-aku-25-6v-200ah-lifepo4-5120wh-4.jpg|public/images/products/mexxsun/mexxsun-lityum-aku-25-6v-200ah-lifepo4-5120wh-5.jpg
mexxsun;mexxsun-lityum-aku-25-6v-100ah-lifepo4-2560wh-3154;https://www.mexxsun.com/tr/urun/mexxsun-lityum-aku-25-6v-100ah-lifepo4-2560wh-3154;47,10;public/images/products/mexxsun/mexxsun-lityum-aku-25-6v-100ah-lifepo4-2560wh-3154.jpg|public/images/products/mexxsun/mexxsun-lityum-aku-25-6v-100ah-lifepo4-2560wh-3154-2.jpg|public/images/products/mexxsun/mexxsun-lityum-aku-25-6v-100ah-lifepo4-2560wh-3154-3.jpg|public/images/products/mexxsun/mexxsun-lityum-aku-25-6v-100ah-lifepo4-2560wh-3154-4.jpg|public/images/products/mexxsun/mexxsun-lityum-aku-25-6v-100ah-lifepo4-2560wh-3154-5.jpg
mexxsun;mexxsun-lityum-aku-51-2v-300ah-lifepo4;https://www.mexxsun.com/tr/urun/mexxsun-lityum-aku-51-2v-300ah-lifepo4;47,10;public/images/products/mexxsun/mexxsun-lityum-aku-51-2v-300ah-lifepo4.jpg|public/images/products/mexxsun/mexxsun-lityum-aku-51-2v-300ah-lifepo4-2.jpg|public/images/products/mexxsun/mexxsun-lityum-aku-51-2v-300ah-lifepo4-3.jpg|public/images/products/mexxsun/mexxsun-lityum-aku-51-2v-300ah-lifepo4-4.jpg|public/images/products/mexxsun/mexxsun-lityum-aku-51-2v-300ah-lifepo4-5.jpg|public/images/products/mexxsun/mexxsun-lityum-aku-51-2v-300ah-lifepo4-6.jpg
mexxsun;mexxsun-lityum-aku-12-8v-300ah-lifepo4-3840wh-3121;https://www.mexxsun.com/tr/urun/mexxsun-lityum-aku-12-8v-300ah-lifepo4-3840wh-3121;47,10;public/images/products/mexxsun/mexxsun-lityum-aku-12-8v-300ah-lifepo4-3840wh-3121.jpg|public/images/products/mexxsun/mexxsun-lityum-aku-12-8v-300ah-lifepo4-3840wh-3121-2.jpg|public/images/products/mexxsun/mexxsun-lityum-aku-12-8v-300ah-lifepo4-3840wh-3121-3.jpg|public/images/products/mexxsun/mexxsun-lityum-aku-12-8v-300ah-lifepo4-3840wh-3121-4.jpg|public/images/products/mexxsun/mexxsun-lityum-aku-12-8v-300ah-lifepo4-3840wh-3121-5.jpg
mexxsun;mexxsun-lityum-aku-25-6v-100ah-rk2560;https://www.mexxsun.com/tr/urun/mexxsun-lityum-aku-25-6v-100ah-rk2560;47,10;public/images/products/mexxsun/mexxsun-lityum-aku-25-6v-100ah-rk2560.jpg|public/images/products/mexxsun/mexxsun-lityum-aku-25-6v-100ah-rk2560-2.jpg|public/images/products/mexxsun/mexxsun-lityum-aku-25-6v-100ah-rk2560-3.jpg|public/images/products/mexxsun/mexxsun-lityum-aku-25-6v-100ah-rk2560-4.jpg|public/images/products/mexxsun/mexxsun-lityum-aku-25-6v-100ah-rk2560-5.jpg|public/images/products/mexxsun/mexxsun-lityum-aku-25-6v-100ah-rk2560-6.jpg
mexxsun;mexxsun-lityum-aku-48v-100ah-lifepo4-3074;https://www.mexxsun.com/tr/urun/mexxsun-lityum-aku-48v-100ah-lifepo4-3074;47,10;public/images/products/mexxsun/mexxsun-lityum-aku-48v-100ah-lifepo4-3074.jpg|public/images/products/mexxsun/mexxsun-lityum-aku-48v-100ah-lifepo4-3074-2.jpg|public/images/products/mexxsun/mexxsun-lityum-aku-48v-100ah-lifepo4-3074-3.jpg|public/images/products/mexxsun/mexxsun-lityum-aku-48v-100ah-lifepo4-3074-4.jpg|public/images/products/mexxsun/mexxsun-lityum-aku-48v-100ah-lifepo4-3074-5.jpg|public/images/products/mexxsun/mexxsun-lityum-aku-48v-100ah-lifepo4-3074-6.jpg
mexxsun;jel-aku-12v-100ah-orbus;https://www.mexxsun.com/tr/urun/jel-aku-12v-100ah-orbus;47,10;public/images/products/mexxsun/jel-aku-12v-100ah-orbus.jpg
mexxsun;jel-aku-12v-150ah-orbus;https://www.mexxsun.com/tr/urun/jel-aku-12v-150ah-orbus;47,10;public/images/products/mexxsun/jel-aku-12v-150ah-orbus.jpg
mexxsun;jel-aku-12v-200ah-orbus;https://www.mexxsun.com/tr/urun/jel-aku-12v-200ah-orbus;47,10;public/images/products/mexxsun/jel-aku-12v-200ah-orbus.jpg
mexxsun;solar-surucu-uzaktan-kontrol-cihazi-mx600-serisi;https://www.mexxsun.com/tr/urun/solar-surucu-uzaktan-kontrol-cihazi-mx600-serisi;47,10;public/images/products/mexxsun/solar-surucu-uzaktan-kontrol-cihazi-mx600-serisi.jpg|public/images/products/mexxsun/solar-surucu-uzaktan-kontrol-cihazi-mx600-serisi-2.jpg|public/images/products/mexxsun/solar-surucu-uzaktan-kontrol-cihazi-mx600-serisi-3.jpg|public/images/products/mexxsun/solar-surucu-uzaktan-kontrol-cihazi-mx600-serisi-4.jpg|public/images/products/mexxsun/solar-surucu-uzaktan-kontrol-cihazi-mx600-serisi-5.jpg|public/images/products/mexxsun/solar-surucu-uzaktan-kontrol-cihazi-mx600-serisi-6.jpg
mexxsun;2hp-3hp-1-5kw-2-2-kw-solar-pompa-surucusu-3x220;https://www.mexxsun.com/tr/urun/2hp-3hp-1-5kw-2-2-kw-solar-pompa-surucusu-3x220;47,10;public/images/products/mexxsun/2hp-3hp-1-5kw-2-2-kw-solar-pompa-surucusu-3x220.jpg|public/images/products/mexxsun/2hp-3hp-1-5kw-2-2-kw-solar-pompa-surucusu-3x220-2.jpg|public/images/products/mexxsun/2hp-3hp-1-5kw-2-2-kw-solar-pompa-surucusu-3x220-3.jpg|public/images/products/mexxsun/2hp-3hp-1-5kw-2-2-kw-solar-pompa-surucusu-3x220-4.jpg|public/images/products/mexxsun/2hp-3hp-1-5kw-2-2-kw-solar-pompa-surucusu-3x220-5.jpg
mexxsun;3hp-2-2-kw-solar-pompa-surucusu-trifaze-893;https://www.mexxsun.com/tr/urun/3hp-2-2-kw-solar-pompa-surucusu-trifaze-893;47,10;public/images/products/mexxsun/3hp-2-2-kw-solar-pompa-surucusu-trifaze-893.jpg|public/images/products/mexxsun/3hp-2-2-kw-solar-pompa-surucusu-trifaze-893-2.jpg|public/images/products/mexxsun/3hp-2-2-kw-solar-pompa-surucusu-trifaze-893-3.jpg|public/images/products/mexxsun/3hp-2-2-kw-solar-pompa-surucusu-trifaze-893-4.jpg|public/images/products/mexxsun/3hp-2-2-kw-solar-pompa-surucusu-trifaze-893-5.jpg
mexxsun;5-5hp-4-kw-solar-pompa-surucusu-trifaze-894;https://www.mexxsun.com/tr/urun/5-5hp-4-kw-solar-pompa-surucusu-trifaze-894;47,10;public/images/products/mexxsun/5-5hp-4-kw-solar-pompa-surucusu-trifaze-894.jpg|public/images/products/mexxsun/5-5hp-4-kw-solar-pompa-surucusu-trifaze-894-2.jpg|public/images/products/mexxsun/5-5hp-4-kw-solar-pompa-surucusu-trifaze-894-3.jpg|public/images/products/mexxsun/5-5hp-4-kw-solar-pompa-surucusu-trifaze-894-4.jpg|public/images/products/mexxsun/5-5hp-4-kw-solar-pompa-surucusu-trifaze-894-5.jpg
mexxsun;5-5hp-4-kw-solar-pompa-surucusu-3x220;https://www.mexxsun.com/tr/urun/5-5hp-4-kw-solar-pompa-surucusu-3x220;47,10;public/images/products/mexxsun/5-5hp-4-kw-solar-pompa-surucusu-3x220.jpg|public/images/products/mexxsun/5-5hp-4-kw-solar-pompa-surucusu-3x220-2.jpg|public/images/products/mexxsun/5-5hp-4-kw-solar-pompa-surucusu-3x220-3.jpg|public/images/products/mexxsun/5-5hp-4-kw-solar-pompa-surucusu-3x220-4.jpg|public/images/products/mexxsun/5-5hp-4-kw-solar-pompa-surucusu-3x220-5.jpg
mexxsun;7-5hp-5-5-kw-solar-pompa-surucusu-trifaze-3166;https://www.mexxsun.com/tr/urun/7-5hp-5-5-kw-solar-pompa-surucusu-trifaze-3166;47,10;public/images/products/mexxsun/7-5hp-5-5-kw-solar-pompa-surucusu-trifaze-3166.jpg|public/images/products/mexxsun/7-5hp-5-5-kw-solar-pompa-surucusu-trifaze-3166-2.jpg|public/images/products/mexxsun/7-5hp-5-5-kw-solar-pompa-surucusu-trifaze-3166-3.jpg|public/images/products/mexxsun/7-5hp-5-5-kw-solar-pompa-surucusu-trifaze-3166-4.jpg|public/images/products/mexxsun/7-5hp-5-5-kw-solar-pompa-surucusu-trifaze-3166-5.jpg
mexxsun;10hp-7-5-kw-solar-pompa-surucusu-1000vdc;https://www.mexxsun.com/tr/urun/10hp-7-5-kw-solar-pompa-surucusu-1000vdc;47,10;public/images/products/mexxsun/10hp-7-5-kw-solar-pompa-surucusu-1000vdc.jpg|public/images/products/mexxsun/10hp-7-5-kw-solar-pompa-surucusu-1000vdc-2.jpg|public/images/products/mexxsun/10hp-7-5-kw-solar-pompa-surucusu-1000vdc-3.jpg|public/images/products/mexxsun/10hp-7-5-kw-solar-pompa-surucusu-1000vdc-4.jpg|public/images/products/mexxsun/10hp-7-5-kw-solar-pompa-surucusu-1000vdc-5.jpg
mexxsun;15hp-11-kw-1000vdc-solar-pompa-surucusu;https://www.mexxsun.com/tr/urun/15hp-11-kw-1000vdc-solar-pompa-surucusu;47,10;public/images/products/mexxsun/15hp-11-kw-1000vdc-solar-pompa-surucusu.jpg|public/images/products/mexxsun/15hp-11-kw-1000vdc-solar-pompa-surucusu-2.jpg|public/images/products/mexxsun/15hp-11-kw-1000vdc-solar-pompa-surucusu-3.jpg|public/images/products/mexxsun/15hp-11-kw-1000vdc-solar-pompa-surucusu-4.jpg|public/images/products/mexxsun/15hp-11-kw-1000vdc-solar-pompa-surucusu-5.jpg
mexxsun;20hp-15-kw-1000vdc-solar-pompa-surucusu;https://www.mexxsun.com/tr/urun/20hp-15-kw-1000vdc-solar-pompa-surucusu;47,10;public/images/products/mexxsun/20hp-15-kw-1000vdc-solar-pompa-surucusu.jpg|public/images/products/mexxsun/20hp-15-kw-1000vdc-solar-pompa-surucusu-2.jpg|public/images/products/mexxsun/20hp-15-kw-1000vdc-solar-pompa-surucusu-3.jpg|public/images/products/mexxsun/20hp-15-kw-1000vdc-solar-pompa-surucusu-4.jpg|public/images/products/mexxsun/20hp-15-kw-1000vdc-solar-pompa-surucusu-5.jpg
mexxsun;20hp-15-kw-solar-pompa-surucusu-trifaze-899;https://www.mexxsun.com/tr/urun/20hp-15-kw-solar-pompa-surucusu-trifaze-899;47,10;public/images/products/mexxsun/20hp-15-kw-solar-pompa-surucusu-trifaze-899.jpg|public/images/products/mexxsun/20hp-15-kw-solar-pompa-surucusu-trifaze-899-2.jpg|public/images/products/mexxsun/20hp-15-kw-solar-pompa-surucusu-trifaze-899-3.jpg|public/images/products/mexxsun/20hp-15-kw-solar-pompa-surucusu-trifaze-899-4.jpg|public/images/products/mexxsun/20hp-15-kw-solar-pompa-surucusu-trifaze-899-5.jpg
mexxsun;25hp-18-5-kw-1000vdc-solar-pompa-surucusu;https://www.mexxsun.com/tr/urun/25hp-18-5-kw-1000vdc-solar-pompa-surucusu;47,10;public/images/products/mexxsun/25hp-18-5-kw-1000vdc-solar-pompa-surucusu.jpg|public/images/products/mexxsun/25hp-18-5-kw-1000vdc-solar-pompa-surucusu-2.jpg|public/images/products/mexxsun/25hp-18-5-kw-1000vdc-solar-pompa-surucusu-3.jpg|public/images/products/mexxsun/25hp-18-5-kw-1000vdc-solar-pompa-surucusu-4.jpg|public/images/products/mexxsun/25hp-18-5-kw-1000vdc-solar-pompa-surucusu-5.jpg
mexxsun;30hp-22-kw-1000vdc-solar-pompa-surucusu;https://www.mexxsun.com/tr/urun/30hp-22-kw-1000vdc-solar-pompa-surucusu;47,10;public/images/products/mexxsun/30hp-22-kw-1000vdc-solar-pompa-surucusu.jpg|public/images/products/mexxsun/30hp-22-kw-1000vdc-solar-pompa-surucusu-2.jpg|public/images/products/mexxsun/30hp-22-kw-1000vdc-solar-pompa-surucusu-3.jpg|public/images/products/mexxsun/30hp-22-kw-1000vdc-solar-pompa-surucusu-4.jpg|public/images/products/mexxsun/30hp-22-kw-1000vdc-solar-pompa-surucusu-5.jpg
mexxsun;30hp-22-kw-solar-pompa-surucusu-trifaze-901;https://www.mexxsun.com/tr/urun/30hp-22-kw-solar-pompa-surucusu-trifaze-901;47,10;public/images/products/mexxsun/30hp-22-kw-solar-pompa-surucusu-trifaze-901.jpg|public/images/products/mexxsun/30hp-22-kw-solar-pompa-surucusu-trifaze-901-2.jpg|public/images/products/mexxsun/30hp-22-kw-solar-pompa-surucusu-trifaze-901-3.jpg|public/images/products/mexxsun/30hp-22-kw-solar-pompa-surucusu-trifaze-901-4.jpg|public/images/products/mexxsun/30hp-22-kw-solar-pompa-surucusu-trifaze-901-5.jpg
mexxsun;40hp-30-kw-solar-pompa-surucusu-trifaze-3156;https://www.mexxsun.com/tr/urun/40hp-30-kw-solar-pompa-surucusu-trifaze-3156;47,10;public/images/products/mexxsun/40hp-30-kw-solar-pompa-surucusu-trifaze-3156.jpg|public/images/products/mexxsun/40hp-30-kw-solar-pompa-surucusu-trifaze-3156-2.jpg|public/images/products/mexxsun/40hp-30-kw-solar-pompa-surucusu-trifaze-3156-3.jpg|public/images/products/mexxsun/40hp-30-kw-solar-pompa-surucusu-trifaze-3156-4.jpg|public/images/products/mexxsun/40hp-30-kw-solar-pompa-surucusu-trifaze-3156-5.jpg
mexxsun;50hp-37-kw-solar-pompa-surucusu-trifaze-903;https://www.mexxsun.com/tr/urun/50hp-37-kw-solar-pompa-surucusu-trifaze-903;47,10;public/images/products/mexxsun/50hp-37-kw-solar-pompa-surucusu-trifaze-903.jpg|public/images/products/mexxsun/50hp-37-kw-solar-pompa-surucusu-trifaze-903-2.jpg|public/images/products/mexxsun/50hp-37-kw-solar-pompa-surucusu-trifaze-903-3.jpg|public/images/products/mexxsun/50hp-37-kw-solar-pompa-surucusu-trifaze-903-4.jpg|public/images/products/mexxsun/50hp-37-kw-solar-pompa-surucusu-trifaze-903-5.jpg
mexxsun;60hp-45-kw-solar-pompa-surucusu-trifaze-897;https://www.mexxsun.com/tr/urun/60hp-45-kw-solar-pompa-surucusu-trifaze-897;47,10;public/images/products/mexxsun/60hp-45-kw-solar-pompa-surucusu-trifaze-897.jpg|public/images/products/mexxsun/60hp-45-kw-solar-pompa-surucusu-trifaze-897-2.jpg|public/images/products/mexxsun/60hp-45-kw-solar-pompa-surucusu-trifaze-897-3.jpg|public/images/products/mexxsun/60hp-45-kw-solar-pompa-surucusu-trifaze-897-4.jpg|public/images/products/mexxsun/60hp-45-kw-solar-pompa-surucusu-trifaze-897-5.jpg
mexxsun;75hp-55-kw-solar-pompa-surucusu-trifaze-904;https://www.mexxsun.com/tr/urun/75hp-55-kw-solar-pompa-surucusu-trifaze-904;47,10;public/images/products/mexxsun/75hp-55-kw-solar-pompa-surucusu-trifaze-904.jpg|public/images/products/mexxsun/75hp-55-kw-solar-pompa-surucusu-trifaze-904-2.jpg|public/images/products/mexxsun/75hp-55-kw-solar-pompa-surucusu-trifaze-904-3.jpg|public/images/products/mexxsun/75hp-55-kw-solar-pompa-surucusu-trifaze-904-4.jpg
mexxsun;100hp-75-kw-solar-pompa-surucusu-trifaze-905;https://www.mexxsun.com/tr/urun/100hp-75-kw-solar-pompa-surucusu-trifaze-905;47,10;public/images/products/mexxsun/100hp-75-kw-solar-pompa-surucusu-trifaze-905.jpg|public/images/products/mexxsun/100hp-75-kw-solar-pompa-surucusu-trifaze-905-2.jpg|public/images/products/mexxsun/100hp-75-kw-solar-pompa-surucusu-trifaze-905-3.jpg|public/images/products/mexxsun/100hp-75-kw-solar-pompa-surucusu-trifaze-905-4.jpg
mexxsun;120hp-90-kw-solar-pompa-surucusu-trifaze-906;https://www.mexxsun.com/tr/urun/120hp-90-kw-solar-pompa-surucusu-trifaze-906;47,10;public/images/products/mexxsun/120hp-90-kw-solar-pompa-surucusu-trifaze-906.jpg|public/images/products/mexxsun/120hp-90-kw-solar-pompa-surucusu-trifaze-906-2.jpg|public/images/products/mexxsun/120hp-90-kw-solar-pompa-surucusu-trifaze-906-3.jpg|public/images/products/mexxsun/120hp-90-kw-solar-pompa-surucusu-trifaze-906-4.jpg
mexxsun;150hp-110-kw-solar-pompa-surucusu-trifaze;https://www.mexxsun.com/tr/urun/150hp-110-kw-solar-pompa-surucusu-trifaze;47,10;public/images/products/mexxsun/150hp-110-kw-solar-pompa-surucusu-trifaze.jpg|public/images/products/mexxsun/150hp-110-kw-solar-pompa-surucusu-trifaze-2.jpg|public/images/products/mexxsun/150hp-110-kw-solar-pompa-surucusu-trifaze-3.jpg|public/images/products/mexxsun/150hp-110-kw-solar-pompa-surucusu-trifaze-4.jpg
mexxsun;175hp-132-kw-solar-pompa-surucusu-trifaze;https://www.mexxsun.com/tr/urun/175hp-132-kw-solar-pompa-surucusu-trifaze;47,10;public/images/products/mexxsun/175hp-132-kw-solar-pompa-surucusu-trifaze.jpg|public/images/products/mexxsun/175hp-132-kw-solar-pompa-surucusu-trifaze-2.jpg|public/images/products/mexxsun/175hp-132-kw-solar-pompa-surucusu-trifaze-3.jpg|public/images/products/mexxsun/175hp-132-kw-solar-pompa-surucusu-trifaze-4.jpg
mexxsun;dc-yuzey-pompa-2hp-750w-sfp6-20-750w-72v;https://www.mexxsun.com/tr/urun/dc-yuzey-pompa-2hp-750w-sfp6-20-750w-72v;47,10;public/images/products/mexxsun/dc-yuzey-pompa-2hp-750w-sfp6-20-750w-72v.jpg|public/images/products/mexxsun/dc-yuzey-pompa-2hp-750w-sfp6-20-750w-72v-2.jpg|public/images/products/mexxsun/dc-yuzey-pompa-2hp-750w-sfp6-20-750w-72v-3.jpg|public/images/products/mexxsun/dc-yuzey-pompa-2hp-750w-sfp6-20-750w-72v-4.jpg|public/images/products/mexxsun/dc-yuzey-pompa-2hp-750w-sfp6-20-750w-72v-5.jpg|public/images/products/mexxsun/dc-yuzey-pompa-2hp-750w-sfp6-20-750w-72v-6.jpg
mexxsun;dc-yuzey-pompa-1-5hp-1100w-sfp20-17-1100w-96v;https://www.mexxsun.com/tr/urun/dc-yuzey-pompa-1-5hp-1100w-sfp20-17-1100w-96v;47,10;public/images/products/mexxsun/dc-yuzey-pompa-1-5hp-1100w-sfp20-17-1100w-96v.jpg|public/images/products/mexxsun/dc-yuzey-pompa-1-5hp-1100w-sfp20-17-1100w-96v-2.jpg|public/images/products/mexxsun/dc-yuzey-pompa-1-5hp-1100w-sfp20-17-1100w-96v-3.jpg|public/images/products/mexxsun/dc-yuzey-pompa-1-5hp-1100w-sfp20-17-1100w-96v-4.jpg|public/images/products/mexxsun/dc-yuzey-pompa-1-5hp-1100w-sfp20-17-1100w-96v-5.jpg|public/images/products/mexxsun/dc-yuzey-pompa-1-5hp-1100w-sfp20-17-1100w-96v-6.jpg
mexxsun;dc-pompa-0-4-hp-300w-24v-3rdc3-35-24-300;https://www.mexxsun.com/tr/urun/dc-pompa-0-4-hp-300w-24v-3rdc3-35-24-300;47,10;public/images/products/mexxsun/dc-pompa-0-4-hp-300w-24v-3rdc3-35-24-300.jpg|public/images/products/mexxsun/dc-pompa-0-4-hp-300w-24v-3rdc3-35-24-300-2.jpg|public/images/products/mexxsun/dc-pompa-0-4-hp-300w-24v-3rdc3-35-24-300-3.jpg|public/images/products/mexxsun/dc-pompa-0-4-hp-300w-24v-3rdc3-35-24-300-4.jpg|public/images/products/mexxsun/dc-pompa-0-4-hp-300w-24v-3rdc3-35-24-300-5.jpg
mexxsun;dc-pompa-0-8hp-600w-4ss600-48n;https://www.mexxsun.com/tr/urun/dc-pompa-0-8hp-600w-4ss600-48n;47,10;public/images/products/mexxsun/dc-pompa-0-8hp-600w-4ss600-48n.jpg|public/images/products/mexxsun/dc-pompa-0-8hp-600w-4ss600-48n-2.jpg|public/images/products/mexxsun/dc-pompa-0-8hp-600w-4ss600-48n-3.jpg
mexxsun;dc-pompa-0-8-hp-600w-48v-3rdc3-5-80-48-600;https://www.mexxsun.com/tr/urun/dc-pompa-0-8-hp-600w-48v-3rdc3-5-80-48-600;47,10;public/images/products/mexxsun/dc-pompa-0-8-hp-600w-48v-3rdc3-5-80-48-600.jpg|public/images/products/mexxsun/dc-pompa-0-8-hp-600w-48v-3rdc3-5-80-48-600-2.jpg|public/images/products/mexxsun/dc-pompa-0-8-hp-600w-48v-3rdc3-5-80-48-600-3.jpg|public/images/products/mexxsun/dc-pompa-0-8-hp-600w-48v-3rdc3-5-80-48-600-4.jpg|public/images/products/mexxsun/dc-pompa-0-8-hp-600w-48v-3rdc3-5-80-48-600-5.jpg
mexxsun;dc-pompa-1-hp-750w-72v-4dc6-56-72-750pm;https://www.mexxsun.com/tr/urun/dc-pompa-1-hp-750w-72v-4dc6-56-72-750pm;47,10;public/images/products/mexxsun/dc-pompa-1-hp-750w-72v-4dc6-56-72-750pm.jpg|public/images/products/mexxsun/dc-pompa-1-hp-750w-72v-4dc6-56-72-750pm-2.jpg|public/images/products/mexxsun/dc-pompa-1-hp-750w-72v-4dc6-56-72-750pm-3.jpg|public/images/products/mexxsun/dc-pompa-1-hp-750w-72v-4dc6-56-72-750pm-4.jpg|public/images/products/mexxsun/dc-pompa-1-hp-750w-72v-4dc6-56-72-750pm-5.jpg
mexxsun;dc-pompa-1-5hp-1100w-72v-4dc6-84-72-1100-826;https://www.mexxsun.com/tr/urun/dc-pompa-1-5hp-1100w-72v-4dc6-84-72-1100-826;47,10;public/images/products/mexxsun/dc-pompa-1-5hp-1100w-72v-4dc6-84-72-1100-826.jpg|public/images/products/mexxsun/dc-pompa-1-5hp-1100w-72v-4dc6-84-72-1100-826-2.jpg|public/images/products/mexxsun/dc-pompa-1-5hp-1100w-72v-4dc6-84-72-1100-826-3.jpg|public/images/products/mexxsun/dc-pompa-1-5hp-1100w-72v-4dc6-84-72-1100-826-4.jpg|public/images/products/mexxsun/dc-pompa-1-5hp-1100w-72v-4dc6-84-72-1100-826-5.jpg
mexxsun;dc-pompa-1-6hp-1300w-110v-4dc6-112-110-1300;https://www.mexxsun.com/tr/urun/dc-pompa-1-6hp-1300w-110v-4dc6-112-110-1300;47,10;public/images/products/mexxsun/dc-pompa-1-6hp-1300w-110v-4dc6-112-110-1300.jpg|public/images/products/mexxsun/dc-pompa-1-6hp-1300w-110v-4dc6-112-110-1300-2.jpg|public/images/products/mexxsun/dc-pompa-1-6hp-1300w-110v-4dc6-112-110-1300-3.jpg|public/images/products/mexxsun/dc-pompa-1-6hp-1300w-110v-4dc6-112-110-1300-4.jpg|public/images/products/mexxsun/dc-pompa-1-6hp-1300w-110v-4dc6-112-110-1300-5.jpg|public/images/products/mexxsun/dc-pompa-1-6hp-1300w-110v-4dc6-112-110-1300-6.jpg
mexxsun;dc-pompa-2hp-1500w-110v-3rdc3-8-180-110-1500;https://www.mexxsun.com/tr/urun/dc-pompa-2hp-1500w-110v-3rdc3-8-180-110-1500;47,10;public/images/products/mexxsun/dc-pompa-2hp-1500w-110v-3rdc3-8-180-110-1500.jpg|public/images/products/mexxsun/dc-pompa-2hp-1500w-110v-3rdc3-8-180-110-1500-2.jpg|public/images/products/mexxsun/dc-pompa-2hp-1500w-110v-3rdc3-8-180-110-1500-3.jpg|public/images/products/mexxsun/dc-pompa-2hp-1500w-110v-3rdc3-8-180-110-1500-4.jpg|public/images/products/mexxsun/dc-pompa-2hp-1500w-110v-3rdc3-8-180-110-1500-5.jpg|public/images/products/mexxsun/dc-pompa-2hp-1500w-110v-3rdc3-8-180-110-1500-6.jpg
mexxsun;dc-pompa-2hp-1500w-110v-ss-impeller-4rdss4-8-203-110-1500;https://www.mexxsun.com/tr/urun/dc-pompa-2hp-1500w-110v-ss-impeller-4rdss4-8-203-110-1500;47,10;public/images/products/mexxsun/dc-pompa-2hp-1500w-110v-ss-impeller-4rdss4-8-203-110-1500.jpg|public/images/products/mexxsun/dc-pompa-2hp-1500w-110v-ss-impeller-4rdss4-8-203-110-1500-2.jpg|public/images/products/mexxsun/dc-pompa-2hp-1500w-110v-ss-impeller-4rdss4-8-203-110-1500-3.jpg|public/images/products/mexxsun/dc-pompa-2hp-1500w-110v-ss-impeller-4rdss4-8-203-110-1500-4.jpg|public/images/products/mexxsun/dc-pompa-2hp-1500w-110v-ss-impeller-4rdss4-8-203-110-1500-5.jpg|public/images/products/mexxsun/dc-pompa-2hp-1500w-110v-ss-impeller-4rdss4-8-203-110-1500-6.jpg
mexxsun;25w-solar-panel;https://www.mexxsun.com/tr/urun/25w-solar-panel;47,10;public/images/products/mexxsun/25w-solar-panel.jpg|public/images/products/mexxsun/25w-solar-panel-2.jpg|public/images/products/mexxsun/25w-solar-panel-3.jpg
mexxsun;50w-monokristal-gunes-paneli;https://www.mexxsun.com/tr/urun/50w-monokristal-gunes-paneli;47,10;public/images/products/mexxsun/50w-monokristal-gunes-paneli.jpg|public/images/products/mexxsun/50w-monokristal-gunes-paneli-2.jpg|public/images/products/mexxsun/50w-monokristal-gunes-paneli-3.jpg
mexxsun;tsm210-210w-12v-monokristal-solar-panel;https://www.mexxsun.com/tr/urun/tsm210-210w-12v-monokristal-solar-panel;47,10;public/images/products/mexxsun/tsm210-210w-12v-monokristal-solar-panel.jpg
mexxsun;205w-monokristal-pantec-panel-3158;https://www.mexxsun.com/tr/urun/205w-monokristal-pantec-panel-3158;47,10;public/images/products/mexxsun/205w-monokristal-pantec-panel-3158.jpg
mexxsun;205w-monokristal-pantec-panel;https://www.mexxsun.com/tr/urun/205w-monokristal-pantec-panel;47,10;public/images/products/mexxsun/205w-monokristal-pantec-panel.jpg
mexxsun;gse245-gazioglu-halfcut-monopower-fotovoltaik-gunes-paneli-a-class;https://www.mexxsun.com/tr/urun/gse245-gazioglu-halfcut-monopower-fotovoltaik-gunes-paneli-a-class;47,10;public/images/products/mexxsun/gse245-gazioglu-halfcut-monopower-fotovoltaik-gunes-paneli-a-class.jpg|public/images/products/mexxsun/gse245-gazioglu-halfcut-monopower-fotovoltaik-gunes-paneli-a-class-2.jpg|public/images/products/mexxsun/gse245-gazioglu-halfcut-monopower-fotovoltaik-gunes-paneli-a-class-3.jpg
mexxsun;solar-kablo-2-5mm-siyah;https://www.mexxsun.com/tr/urun/solar-kablo-2-5mm-siyah;47,10;public/images/products/mexxsun/solar-kablo-2-5mm-siyah.jpg
mexxsun;solar-kablo-4mm-siyah-100m;https://www.mexxsun.com/tr/urun/solar-kablo-4mm-siyah-100m;47,10;public/images/products/mexxsun/solar-kablo-4mm-siyah-100m.jpg
mexxsun;solar-kablo-4mm-kirmizi-50m;https://www.mexxsun.com/tr/urun/solar-kablo-4mm-kirmizi-50m;47,10;public/images/products/mexxsun/solar-kablo-4mm-kirmizi-50m.jpg
mexxsun;solar-kablo-6mm-siyah;https://www.mexxsun.com/tr/urun/solar-kablo-6mm-siyah;47,10;public/images/products/mexxsun/solar-kablo-6mm-siyah.jpg
mexxsun;solar-kablo-6mm-kirmizi;https://www.mexxsun.com/tr/urun/solar-kablo-6mm-kirmizi;47,10;public/images/products/mexxsun/solar-kablo-6mm-kirmizi.jpg
mexxsun;solar-kablo-16mm-siyah;https://www.mexxsun.com/tr/urun/solar-kablo-16mm-siyah;47,10;public/images/products/mexxsun/solar-kablo-16mm-siyah.jpg|public/images/products/mexxsun/solar-kablo-16mm-siyah-2.jpg|public/images/products/mexxsun/solar-kablo-16mm-siyah-3.jpg
mexxsun;solar-kablo-16mm-kirmizi;https://www.mexxsun.com/tr/urun/solar-kablo-16mm-kirmizi;47,10;public/images/products/mexxsun/solar-kablo-16mm-kirmizi.jpg|public/images/products/mexxsun/solar-kablo-16mm-kirmizi-2.jpg|public/images/products/mexxsun/solar-kablo-16mm-kirmizi-3.jpg
mexxsun;solar-twin-kablo-2-5mm;https://www.mexxsun.com/tr/urun/solar-twin-kablo-2-5mm;47,10;public/images/products/mexxsun/solar-twin-kablo-2-5mm.jpg
mexxsun;dc-sigorta-sigorta-yuvasi-16a-1000v-12-adet;https://www.mexxsun.com/tr/urun/dc-sigorta-sigorta-yuvasi-16a-1000v-12-adet;47,10;public/images/products/mexxsun/dc-sigorta-sigorta-yuvasi-16a-1000v-12-adet.jpg|public/images/products/mexxsun/dc-sigorta-sigorta-yuvasi-16a-1000v-12-adet-2.jpg|public/images/products/mexxsun/dc-sigorta-sigorta-yuvasi-16a-1000v-12-adet-3.jpg|public/images/products/mexxsun/dc-sigorta-sigorta-yuvasi-16a-1000v-12-adet-4.jpg|public/images/products/mexxsun/dc-sigorta-sigorta-yuvasi-16a-1000v-12-adet-5.jpg|public/images/products/mexxsun/dc-sigorta-sigorta-yuvasi-16a-1000v-12-adet-6.jpg
mexxsun;dc-sigorta-sigorta-yuvasi-20a-1000v-12-adet;https://www.mexxsun.com/tr/urun/dc-sigorta-sigorta-yuvasi-20a-1000v-12-adet;47,10;public/images/products/mexxsun/dc-sigorta-sigorta-yuvasi-20a-1000v-12-adet.jpg|public/images/products/mexxsun/dc-sigorta-sigorta-yuvasi-20a-1000v-12-adet-2.jpg|public/images/products/mexxsun/dc-sigorta-sigorta-yuvasi-20a-1000v-12-adet-3.jpg|public/images/products/mexxsun/dc-sigorta-sigorta-yuvasi-20a-1000v-12-adet-4.jpg|public/images/products/mexxsun/dc-sigorta-sigorta-yuvasi-20a-1000v-12-adet-5.jpg|public/images/products/mexxsun/dc-sigorta-sigorta-yuvasi-20a-1000v-12-adet-6.jpg
mexxsun;dc-sigorta-sigorta-yuvasi-32-1000v-12-adet;https://www.mexxsun.com/tr/urun/dc-sigorta-sigorta-yuvasi-32-1000v-12-adet;47,10;public/images/products/mexxsun/dc-sigorta-sigorta-yuvasi-32-1000v-12-adet.jpg|public/images/products/mexxsun/dc-sigorta-sigorta-yuvasi-32-1000v-12-adet-2.jpg|public/images/products/mexxsun/dc-sigorta-sigorta-yuvasi-32-1000v-12-adet-3.jpg|public/images/products/mexxsun/dc-sigorta-sigorta-yuvasi-32-1000v-12-adet-4.jpg|public/images/products/mexxsun/dc-sigorta-sigorta-yuvasi-32-1000v-12-adet-5.jpg|public/images/products/mexxsun/dc-sigorta-sigorta-yuvasi-32-1000v-12-adet-6.jpg
mexxsun;solar-konnektor-set-30a-1000v-50-adet;https://www.mexxsun.com/tr/urun/solar-konnektor-set-30a-1000v-50-adet;47,10;public/images/products/mexxsun/solar-konnektor-set-30a-1000v-50-adet.jpg
mexxsun;solar-konnektor-set-30a-1000v-50-adt-3052;https://www.mexxsun.com/tr/urun/solar-konnektor-set-30a-1000v-50-adt-3052;47,10;public/images/products/mexxsun/solar-konnektor-set-30a-1000v-50-adt-3052.jpg|public/images/products/mexxsun/solar-konnektor-set-30a-1000v-50-adt-3052-2.jpg|public/images/products/mexxsun/solar-konnektor-set-30a-1000v-50-adt-3052-3.jpg
mexxsun;solar-konnektor-2-in-1-paralel-10-adet-779;https://www.mexxsun.com/tr/urun/solar-konnektor-2-in-1-paralel-10-adet-779;47,10;public/images/products/mexxsun/solar-konnektor-2-in-1-paralel-10-adet-779.jpg|public/images/products/mexxsun/solar-konnektor-2-in-1-paralel-10-adet-779-2.jpg|public/images/products/mexxsun/solar-konnektor-2-in-1-paralel-10-adet-779-3.jpg
mexxsun;solar-konnektor-3-in-1-kablolu-paralel;https://www.mexxsun.com/tr/urun/solar-konnektor-3-in-1-kablolu-paralel;47,10;public/images/products/mexxsun/solar-konnektor-3-in-1-kablolu-paralel.jpg
mexxsun;panel-sonlandirici-35mm-50-ad;https://www.mexxsun.com/tr/urun/panel-sonlandirici-35mm-50-ad;47,10;public/images/products/mexxsun/panel-sonlandirici-35mm-50-ad.jpg|public/images/products/mexxsun/panel-sonlandirici-35mm-50-ad-2.jpg|public/images/products/mexxsun/panel-sonlandirici-35mm-50-ad-3.jpg
mexxsun;panel-sonlandirici-35mm-50-ad-3137;https://www.mexxsun.com/tr/urun/panel-sonlandirici-35mm-50-ad-3137;47,10;public/images/products/mexxsun/panel-sonlandirici-35mm-50-ad-3137.jpg|public/images/products/mexxsun/panel-sonlandirici-35mm-50-ad-3137-2.jpg|public/images/products/mexxsun/panel-sonlandirici-35mm-50-ad-3137-3.jpg
mexxsun;panel-sonlandirici-50-ad;https://www.mexxsun.com/tr/urun/panel-sonlandirici-50-ad;47,10;public/images/products/mexxsun/panel-sonlandirici-50-ad.jpg|public/images/products/mexxsun/panel-sonlandirici-50-ad-2.jpg|public/images/products/mexxsun/panel-sonlandirici-50-ad-3.jpg|public/images/products/mexxsun/panel-sonlandirici-50-ad-4.jpg
mexxsun;hareketli-kiremit-kancasi-20-ad;https://www.mexxsun.com/tr/urun/hareketli-kiremit-kancasi-20-ad;47,10;public/images/products/mexxsun/hareketli-kiremit-kancasi-20-ad.jpg|public/images/products/mexxsun/hareketli-kiremit-kancasi-20-ad-2.jpg|public/images/products/mexxsun/hareketli-kiremit-kancasi-20-ad-3.jpg
mexxsun;40x40-sigma-profil;https://www.mexxsun.com/tr/urun/40x40-sigma-profil;47,10;public/images/products/mexxsun/40x40-sigma-profil.jpg
mexxsun;karavan-montaj-takimi-4-kose-2-orta-buat;https://www.mexxsun.com/tr/urun/karavan-montaj-takimi-4-kose-2-orta-buat;47,10;public/images/products/mexxsun/karavan-montaj-takimi-4-kose-2-orta-buat.jpg
mexxsun;sivri-uclu-cati-vidasi-m5-5x27;https://www.mexxsun.com/tr/urun/sivri-uclu-cati-vidasi-m5-5x27;47,10;public/images/products/mexxsun/sivri-uclu-cati-vidasi-m5-5x27.jpg|public/images/products/mexxsun/sivri-uclu-cati-vidasi-m5-5x27-2.jpg|public/images/products/mexxsun/sivri-uclu-cati-vidasi-m5-5x27-3.jpg|public/images/products/mexxsun/sivri-uclu-cati-vidasi-m5-5x27-4.jpg
mexxsun;a-tipi-h55-asik-profil-55cm;https://www.mexxsun.com/tr/urun/a-tipi-h55-asik-profil-55cm;47,10;public/images/products/mexxsun/a-tipi-h55-asik-profil-55cm.jpg|public/images/products/mexxsun/a-tipi-h55-asik-profil-55cm-2.jpg
mexxsun;trapez-profil-3-5m;https://www.mexxsun.com/tr/urun/trapez-profil-3-5m;47,10;public/images/products/mexxsun/trapez-profil-3-5m.jpg|public/images/products/mexxsun/trapez-profil-3-5m-2.jpg|public/images/products/mexxsun/trapez-profil-3-5m-3.jpg|public/images/products/mexxsun/trapez-profil-3-5m-4.jpg
